1724,Product No253,1,6
4354,Product No97,2,3
523,Product No96,6,8
4879,Product No197,1,1
2858,Product No177,9,2
2115,Product No167,4,1
2312,Product No36,4,7
3416,Product No316,4,2
476,Product No63,7,1
2875,Product No267,0,7
4648,Product No331,5,1
2026,Product No221,7,6
4160,Product No162,0,2
2327,Product No254,5,4
3249,Product No383,7,4
2340,Product No346,9,3
236,Product No144,1,5
3749,Product No32,6,4
3434,Product No87,8,0
2523,Product No98,4,1
4935,Product No308,9,4
4846,Product No387,1,7
608,Product No124,6,3
4680,Product No375,5,5
15,Product No293,5,5
2102,Product No5,3,5
4636,Product No215,9,6
2767,Product No344,5,7
1355,Product No284,7,3
2564,Product No153,6,6
842,Product No351,1,2
3192,Product No326,6,0
4225,Product No289,9,8
40,Product No110,1,3
3273,Product No255,2,8
626,Product No98,9,7
3444,Product No218,1,7
1643,Product No284,5,9
1541,Product No274,9,2
1025,Product No162,6,8
1532,Product No53,8,8
2178,Product No30,3,8
2558,Product No180,8,0
2330,Product No174,5,8
4007,Product No122,3,4
1488,Product No58,5,1
2034,Product No108,1,7
4539,Product No21,0,8
1324,Product No313,5,4
1729,Product No169,1,9
37,Product No169,0,4
3258,Product No365,2,0
22,Product No399,4,6
1561,Product No320,4,8
939,Product No281,4,3
3754,Product No44,5,4
3841,Product No28,6,6
3885,Product No102,1,9
1033,Product No346,4,1
1321,Product No138,5,5
995,Product No221,3,6
3313,Product No16,0,9
2475,Product No235,5,0
2386,Product No188,7,6
4031,Product No370,4,7
842,Product No375,5,5
2999,Product No346,7,9
1975,Product No212,5,7
1627,Product No57,2,6
3748,Product No184,5,4
4375,Product No193,4,1
2923,Product No4,0,1
4413,Product No141,0,2
4622,Product No75,4,2
3271,Product No188,1,4
2165,Product No247,1,5
4374,Product No213,8,9
779,Product No60,7,9
1136,Product No218,0,6
1878,Product No298,5,7
2050,Product No262,8,1
2863,Product No90,6,0
22,Product No0,2,6
246,Product No302,1,2
2998,Product No344,5,4
918,Product No210,5,2
566,Product No119,8,9
2166,Product No239,3,8
3317,Product No96,9,6
3678,Product No84,7,4
1452,Product No291,3,4
3382,Product No221,2,2
4173,Product No342,5,9
1826,Product No110,4,0
2148,Product No284,4,4
1720,Product No390,7,6
2513,Product No32,3,1
3455,Product No63,8,9
868,Product No392,7,4
1721,Product No393,3,1
3663,Product No180,0,8
3161,Product No84,3,5
3495,Product No93,8,0
78,Product No85,5,9
3979,Product No24,0,1
1111,Ansar,59,10
598,HP-Laptop,32,5
908,P-19,1000,20
9080,Redmi-9T,24999,100
122,P-10,999,20
